model,train_rmse,test_rmse,train_mae,test_mae
rf,0.3829108873165407,0.4333854318782315,0.23585772670217714,0.2604033169480781
ridge,0.42993979252449466,0.4733193886258566,0.2370500651378698,0.263922858286347
linear,0.4293547486083831,0.4760552148906075,0.23419675391912606,0.26472705231690613
lasso,0.5717338732391369,0.5723991666011571,0.3641923513870815,0.3637748854670629
baseline,0.9128161144597886,0.9164824625485909,0.7187937579487473,0.720240967533319
